{"color":{"r":0.1725490196078431,"b":0.3176470588235294,"g":0.2431372549019608,"a":1},"index":18,"name":"Nile"}