{"color":{"r":0.9098039215686274,"b":0.01568627450980392,"g":0.4980392156862745,"a":1},"index":13,"name":"Tahiti"}