{"color":{"r":0.4235294117647059,"b":0.4235294117647059,"g":0.4235294117647059,"a":1},"index":3,"name":"Storm"}