{"color":{"r":0.9137254901960784,"b":0.2117647058823529,"g":0.2980392156862745,"a":1},"index":11,"name":"Punch"}