{"color":{"r":0.3137254901960784,"b":0.3137254901960784,"g":0.3137254901960784,"a":1},"index":2,"name":"Tundora"}