{"color":{"r":0.6627450980392157,"b":0.6627450980392157,"g":0.6627450980392157,"a":1},"index":5,"name":"Dust"}