{"color":{"r":0.7568627450980392,"b":0.7568627450980392,"g":0.7568627450980392,"a":1},"index":6,"name":"Silver"}