{"color":{"r":0.2,"b":0.3725490196078431,"g":0.2862745098039216,"a":1},"index":19,"name":"Bluewood"}