{"color":{"r":0.1803921568627451,"b":0.8705882352941177,"g":0.592156862745098,"a":1},"index":17,"name":"Havelock"}