{"color":{"r":0.7607843137254902,"b":0.1411764705882353,"g":0.2196078431372549,"a":1},"index":10,"name":"Tabasco"}