{"color":{"r":0.5568627450980392,"b":0.6862745098039216,"g":0.2470588235294118,"a":1},"index":20,"name":"Seance"}