{"color":{"r":0,"b":0.5254901960784314,"g":0.6313725490196078,"a":1},"index":24,"name":"Observatory"}