{"color":{"r":0.8313725490196079,"b":0,"g":0.3294117647058823,"a":1},"index":12,"name":"Orange"}