{"color":{"r":0.9490196078431372,"b":0,"g":0.7725490196078432,"a":1},"index":15,"name":"Corn"}