{"color":{"r":0.9607843137254902,"b":0,"g":0.615686274509804,"a":1},"index":14,"name":"Poppy"}