{"color":{"r":0.8431372549019608,"b":0.8431372549019608,"g":0.8431372549019608,"a":1},"index":7,"name":"Iron"}