{"color":{"r":0.1803921568627451,"b":0.1803921568627451,"g":0.1803921568627451,"a":1},"index":1,"name":"Shark"}