{"color":{"r":0.1333333333333333,"b":0.7294117647058823,"g":0.4941176470588236,"a":1},"index":16,"name":"Lochmara"}