{"color":{"r":0.1098039215686274,"b":0.3686274509803922,"g":0.6862745098039216,"a":1},"index":22,"name":"Chateau"}