{"color":{"r":0.1137254901960784,"b":0.4235294117647059,"g":0.807843137254902,"a":1},"index":23,"name":"Green"}