{"color":{"r":0.6078431372549019,"b":0.7176470588235294,"g":0.3372549019607843,"a":1},"index":21,"name":"Studio"}