{"color":{"r":0.5372549019607843,"b":0.5372549019607843,"g":0.5372549019607843,"a":1},"index":4,"name":"Gray"}