{"color":{"r":0,"b":0.611764705882353,"g":0.7411764705882353,"a":1},"index":25,"name":"Jungle"}